tweet_id;author_username;tweet_text;author_location;created_at;found_at;source_status;deepseek_score;deepseek_reason;parent_tweet_id
2074260466138845458;MattHar1619;@Rusia_HD Yes!;Michigan;2026-07-06T22:33:27.000Z;2026-07-09T14:01:40.528682+00:00;queued;;;2074139935297138972
2074260729243291943;SayellMartin;@Rusia_HD Yes;;2026-07-06T22:34:30.000Z;2026-07-09T14:01:40.528682+00:00;queued;;;2074139935297138972
2074260881555259861;UxFxLoCOM;@Rusia_HD Ja;Germany, NRW, Rheine Bevergern;2026-07-06T22:35:06.000Z;2026-07-09T14:01:40.528682+00:00;queued;;;2074139935297138972
2074260892288450955;TavarezZorrilla;@Rusia_HD Si;;2026-07-06T22:35:09.000Z;2026-07-09T14:01:40.528682+00:00;queued;;;2074139935297138972
2074260970982011233;CyrilSaign39944;@Rusia_HD Oui;;2026-07-06T22:35:28.000Z;2026-07-09T14:01:40.528682+00:00;queued;;;2074139935297138972
2074261136929661328;MissMalartic;@Rusia_HD Yes, I would love to visit Russia.;;2026-07-06T22:36:07.000Z;2026-07-09T14:01:40.528682+00:00;queued;;;2074139935297138972
2074261248846278764;lakerrunner;@Rusia_HD Woow. Quando si parte?;;2026-07-06T22:36:34.000Z;2026-07-09T14:01:40.528682+00:00;queued;;;2074139935297138972
2074261304047755563;CrunchyPBJ78;@Rusia_HD Yes;Las Vegas, NV;2026-07-06T22:36:47.000Z;2026-07-09T14:01:40.528682+00:00;queued;;;2074139935297138972
2074261307566723184;BrouckeJuanita;@Rusia_HD Oui, mille fois oui;;2026-07-06T22:36:48.000Z;2026-07-09T14:01:40.528682+00:00;queued;;;2074139935297138972
2074261744478716381;RabahSaib8887;@Rusia_HD Yes;;2026-07-06T22:38:32.000Z;2026-07-09T14:01:40.528682+00:00;queued;;;2074139935297138972
2074261785608163465;Baasrob1;@Rusia_HD yes;Austin, TX;2026-07-06T22:38:42.000Z;2026-07-09T14:01:40.528682+00:00;queued;;;2074139935297138972
2074261845268205662;QasimAakashRaj;@Rusia_HD Yes;;2026-07-06T22:38:56.000Z;2026-07-09T14:01:40.528682+00:00;queued;;;2074139935297138972
2074261905036697780;Bisonesque;@Rusia_HD Have been. I love Moscow. One of the most culturally rich cities in the world. Not to sure about the communists I met there but hey great history great people. https://t.co/Ksy7Cfy3w8;Fulshear, TX;2026-07-06T22:39:10.000Z;2026-07-09T14:01:40.528682+00:00;queued;;;2074139935297138972
2074261909344338166;TomjRace;@Rusia_HD Yeah. Probably. Russia seems nice.;;2026-07-06T22:39:11.000Z;2026-07-09T14:01:40.528682+00:00;queued;;;2074139935297138972
2074261916306850252;RobertoMolina37;@Rusia_HD Yes, I consider than yes.;Antofagasta, Chile;2026-07-06T22:39:13.000Z;2026-07-09T14:01:40.528682+00:00;queued;;;2074139935297138972
2074262213024424345;praisericch;@Rusia_HD Yes , and stop deleting my reply 😤 https://t.co/fl1R52VOsU;Okpella  Afokpella Edo state;2026-07-06T22:40:24.000Z;2026-07-09T14:01:40.528682+00:00;queued;;;2074139935297138972
2074262315239625152;RainerDjango;@Rusia_HD @pix_55_peter Yes, of course.;🇩🇪 Dresden;2026-07-06T22:40:48.000Z;2026-07-09T14:01:40.528682+00:00;queued;;;2074139935297138972
2074262489190031539;HayesCooper007;@Rusia_HD Yes I would;In the still of the night;2026-07-06T22:41:30.000Z;2026-07-09T14:01:40.528682+00:00;queued;;;2074139935297138972
2074262573772406999;precious8l;@Rusia_HD Yes;;2026-07-06T22:41:50.000Z;2026-07-09T14:01:40.528682+00:00;queued;;;2074139935297138972
2074262576574202347;OuaibiAhmed;@Rusia_HD Oui tout de suite;;2026-07-06T22:41:50.000Z;2026-07-09T14:01:40.528682+00:00;queued;;;2074139935297138972
2074262615077851317;JoeKablan;@Rusia_HD Oui. J'en rêve.;;2026-07-06T22:42:00.000Z;2026-07-09T14:01:40.528682+00:00;queued;;;2074139935297138972
2074262710049800250;BasiruCamaykk1;@Rusia_HD Yes;;2026-07-06T22:42:22.000Z;2026-07-09T14:01:40.528682+00:00;queued;;;2074139935297138972
2074262724813410568;shongley143100;@Rusia_HD Yes;;2026-07-06T22:42:26.000Z;2026-07-09T14:01:40.528682+00:00;queued;;;2074139935297138972
2074262876483711131;Wechti666;@Rusia_HD Ja, sehr gerne.;;2026-07-06T22:43:02.000Z;2026-07-09T14:01:40.528682+00:00;queued;;;2074139935297138972
2074262947870945369;ultrainstinto69;@Rusia_HD Por supuesto que si.. aunque me vetaran de otros países;cabo san lucas;2026-07-06T22:43:19.000Z;2026-07-09T14:01:40.528682+00:00;queued;;;2074139935297138972
2074263018624704846;Sopian60105214;@Rusia_HD Yes;;2026-07-06T22:43:36.000Z;2026-07-09T14:01:40.528682+00:00;queued;;;2074139935297138972
2074263091278430458;BlueCode1905;@Rusia_HD Yes. And I would pay to go to Russia too.;;2026-07-06T22:43:53.000Z;2026-07-09T14:01:40.528682+00:00;queued;;;2074139935297138972
2074263129043653084;HctorUrrutia13;@Rusia_HD Yes;;2026-07-06T22:44:02.000Z;2026-07-09T14:01:40.528682+00:00;queued;;;2074139935297138972
2074263178863583463;VeritasOptional;@Rusia_HD Yes, absolutely.;;2026-07-06T22:44:14.000Z;2026-07-09T14:01:40.528682+00:00;queued;;;2074139935297138972
2074263221775499608;WShakurr;@Rusia_HD Yes;;2026-07-06T22:44:24.000Z;2026-07-09T14:01:40.528682+00:00;queued;;;2074139935297138972
2074263296518074496;singland976;@Rusia_HD @barkley_lady Yes;Limerick, Eire;2026-07-06T22:44:42.000Z;2026-07-09T14:01:40.528682+00:00;queued;;;2074139935297138972
2074263331414688120;zmigri13;@Rusia_HD Yes;France;2026-07-06T22:44:50.000Z;2026-07-09T14:01:40.528682+00:00;queued;;;2074139935297138972
2074263371235422674;mikado04401;"@Rusia_HD For Sure 100%

I would live there if permitted.";;2026-07-06T22:45:00.000Z;2026-07-09T14:01:40.528682+00:00;queued;;;2074139935297138972
2074263483894710704;wyocrypto007;@Rusia_HD Yes;;2026-07-06T22:45:27.000Z;2026-07-09T14:01:40.528682+00:00;queued;;;2074139935297138972
2074263629436752313;BaOdehy24288;@Rusia_HD Yes;;2026-07-06T22:46:01.000Z;2026-07-09T14:01:40.528682+00:00;queued;;;2074139935297138972
2074263697745178680;selase_tefeh;@Rusia_HD Yes;;2026-07-06T22:46:18.000Z;2026-07-09T14:01:40.528682+00:00;queued;;;2074139935297138972
2074263702376010078;alan_domke;@Rusia_HD Yes;;2026-07-06T22:46:19.000Z;2026-07-09T14:01:40.528682+00:00;queued;;;2074139935297138972
2074263730263580994;RojasRE62;@Rusia_HD YES!;;2026-07-06T22:46:25.000Z;2026-07-09T14:01:40.528682+00:00;queued;;;2074139935297138972
2074263782684066296;alfred67497;@Rusia_HD Yes.;;2026-07-06T22:46:38.000Z;2026-07-09T14:01:40.528682+00:00;queued;;;2074139935297138972
2074264050733879533;kondeln;@Rusia_HD I would love to visit Russia. My relatives were born there;Edmonton, Alberta;2026-07-06T22:47:42.000Z;2026-07-09T14:01:40.528682+00:00;queued;;;2074139935297138972
2074264162218201460;daw49164_dawson;@Rusia_HD Yeah;Edinburgh, Scotland;2026-07-06T22:48:08.000Z;2026-07-09T14:01:40.528682+00:00;queued;;;2074139935297138972
2074264410382561594;IlokiSg;@Rusia_HD YES ❤️❤️❤️;Ile-de-France, France;2026-07-06T22:49:08.000Z;2026-07-09T14:01:40.528682+00:00;queued;;;2074139935297138972
2074264492444209430;JBONZ47763;@Rusia_HD Yes;USA;2026-07-06T22:49:27.000Z;2026-07-09T14:01:40.528682+00:00;queued;;;2074139935297138972
2074264535783952492;NikoNikolic2;@Rusia_HD Yes!!!!;;2026-07-06T22:49:37.000Z;2026-07-09T14:01:40.528682+00:00;queued;;;2074139935297138972
2074264604020994500;jdirtFOREVER;@Rusia_HD Sure.;#FEMAVI;2026-07-06T22:49:54.000Z;2026-07-09T14:01:40.528682+00:00;queued;;;2074139935297138972
2074264673713635509;Alainfradly;@Rusia_HD Yes;;2026-07-06T22:50:10.000Z;2026-07-09T14:01:40.528682+00:00;queued;;;2074139935297138972
2074264751908024361;voormijndochter;@Rusia_HD Hell yeah!!!!!;Nederland;2026-07-06T22:50:29.000Z;2026-07-09T14:01:40.528682+00:00;queued;;;2074139935297138972
2074264757947744446;TorresYoung888;@Rusia_HD Yes;Spain;2026-07-06T22:50:30.000Z;2026-07-09T14:01:40.528682+00:00;queued;;;2074139935297138972
2074264761789993359;schafe91600;@Rusia_HD Yes, with much appreciation for the northern Cossacks, defenders of Christianity.;;2026-07-06T22:50:31.000Z;2026-07-09T14:01:40.528682+00:00;queued;;;2074139935297138972
2074264819868250355;kumbis2361;@Rusia_HD Si;;2026-07-06T22:50:45.000Z;2026-07-09T14:01:40.528682+00:00;queued;;;2074139935297138972
2074265009354637328;tecolosoX;@Rusia_HD Yes of course!;North Valley, NM;2026-07-06T22:51:30.000Z;2026-07-09T14:01:40.528682+00:00;queued;;;2074139935297138972
2074265032494366803;JagMike;@Rusia_HD yes;Jax - Milan - UK;2026-07-06T22:51:36.000Z;2026-07-09T14:01:40.528682+00:00;queued;;;2074139935297138972
2074265110793666629;CaptnJb06;@Rusia_HD Yes.;Missouri, USA;2026-07-06T22:51:55.000Z;2026-07-09T14:01:40.528682+00:00;queued;;;2074139935297138972
2074265162576494608;AnjaKessel43548;@Rusia_HD Ja;;2026-07-06T22:52:07.000Z;2026-07-09T14:01:40.528682+00:00;queued;;;2074139935297138972
2074265443108327872;RFroming;@Rusia_HD yes. st petersburg in summer would be nice;;2026-07-06T22:53:14.000Z;2026-07-09T14:01:40.528682+00:00;queued;;;2074139935297138972
2074265538302255307;Obonana_;@Rusia_HD Yes;;2026-07-06T22:53:36.000Z;2026-07-09T14:01:40.528682+00:00;queued;;;2074139935297138972
2074265543033438369;Antwill_1st;@Rusia_HD Yes;;2026-07-06T22:53:38.000Z;2026-07-09T14:01:40.528682+00:00;queued;;;2074139935297138972
2074265692824543407;Ronald21825551;@Rusia_HD Yes;;2026-07-06T22:54:13.000Z;2026-07-09T14:01:40.528682+00:00;queued;;;2074139935297138972
2074265696649822271;OlivierGdu49;@Rusia_HD Oui !!!;;2026-07-06T22:54:14.000Z;2026-07-09T14:01:40.528682+00:00;queued;;;2074139935297138972
2074265758134112412;MunroSofiec2;@Rusia_HD Sure.;;2026-07-06T22:54:29.000Z;2026-07-09T14:01:40.528682+00:00;queued;;;2074139935297138972
2074265813373321230;MRT9053;@Rusia_HD Yes;;2026-07-06T22:54:42.000Z;2026-07-09T14:01:40.528682+00:00;queued;;;2074139935297138972
2074265950161883247;kansas_orthodox;@Rusia_HD Yes, a million times.;;2026-07-06T22:55:15.000Z;2026-07-09T14:01:40.528682+00:00;queued;;;2074139935297138972
2074265950661345575;augi_doggie;@Rusia_HD I would go in a minute.;California, USA;2026-07-06T22:55:15.000Z;2026-07-09T14:01:40.528682+00:00;queued;;;2074139935297138972
2074266162922209730;milgecm;@Rusia_HD Si;LaGrange, GA;2026-07-06T22:56:05.000Z;2026-07-09T14:01:40.528682+00:00;queued;;;2074139935297138972
2074266170799050765;HANY33239076;@Rusia_HD ○ Yes👍;From another world;2026-07-06T22:56:07.000Z;2026-07-09T14:01:40.528682+00:00;queued;;;2074139935297138972
2074266181033148431;Welshwitchey;@Rusia_HD Yes, 🇷🇺👍;;2026-07-06T22:56:10.000Z;2026-07-09T14:01:40.528682+00:00;queued;;;2074139935297138972
2074266192475308063;Tim196441;@Rusia_HD Yes;;2026-07-06T22:56:12.000Z;2026-07-09T14:01:40.528682+00:00;queued;;;2074139935297138972
2074266226180993048;ogodowinm;@Rusia_HD Yes;;2026-07-06T22:56:20.000Z;2026-07-09T14:01:40.528682+00:00;queued;;;2074139935297138972
2074266430577475867;AnnZandvliet;@Rusia_HD Yes;;2026-07-06T22:57:09.000Z;2026-07-09T14:01:40.528682+00:00;queued;;;2074139935297138972
2074266485392851192;DocAsh_8404;@Rusia_HD Yes, 100%;;2026-07-06T22:57:22.000Z;2026-07-09T14:01:39.802431+00:00;queued;;;2074139935297138972
2074266530448081001;masterosine5;@Rusia_HD @moniqueall76789 Oui absolument ...;03;2026-07-06T22:57:33.000Z;2026-07-09T14:01:39.802431+00:00;queued;;;2074139935297138972
2074266620822802490;Errk21;@Rusia_HD Yes Yes;;2026-07-06T22:57:55.000Z;2026-07-09T14:01:39.802431+00:00;queued;;;2074139935297138972
2074266845742325895;WSartin31817;@Rusia_HD Yes;Rhome, TX;2026-07-06T22:58:48.000Z;2026-07-09T14:01:39.802431+00:00;queued;;;2074139935297138972
2074266983860764899;Kilua2308;@Rusia_HD Yes;;2026-07-06T22:59:21.000Z;2026-07-09T14:01:39.802431+00:00;queued;;;2074139935297138972
2074266993495060854;ArchVaz;@Rusia_HD Of Course yes;;2026-07-06T22:59:23.000Z;2026-07-09T14:01:39.802431+00:00;queued;;;2074139935297138972
2074267091578814788;valicarus20;@Rusia_HD Si toda la vida;;2026-07-06T22:59:47.000Z;2026-07-09T14:01:39.802431+00:00;queued;;;2074139935297138972
2074267127889195200;carlosepasc;@Rusia_HD Si;;2026-07-06T22:59:55.000Z;2026-07-09T14:01:39.802431+00:00;queued;;;2074139935297138972
2074267162559095075;PatrickFriedri8;@Rusia_HD Yes 🌹;;2026-07-06T23:00:04.000Z;2026-07-09T14:01:39.802431+00:00;queued;;;2074139935297138972
2074267340573704305;EmmanuelDonova3;@Rusia_HD Yes;Living in reality.;2026-07-06T23:00:46.000Z;2026-07-09T14:01:39.802431+00:00;queued;;;2074139935297138972
2074267390490132512;JehanJan170773;@Rusia_HD Yes;;2026-07-06T23:00:58.000Z;2026-07-09T14:01:39.802431+00:00;queued;;;2074139935297138972
2074267470412599677;HungyAndy;@Rusia_HD YES;England, United Kingdom;2026-07-06T23:01:17.000Z;2026-07-09T14:01:39.802431+00:00;queued;;;2074139935297138972
2074267481485476124;colinas_j12511;@Rusia_HD Si claro;;2026-07-06T23:01:20.000Z;2026-07-09T14:01:39.802431+00:00;queued;;;2074139935297138972
2074267553925321076;nicht_sean;@Rusia_HD I mean I dont speak Russian nor am I able to read Cyrillic so im not sure honestly. But besides that, yeah.;;2026-07-06T23:01:37.000Z;2026-07-09T14:01:39.802431+00:00;queued;;;2074139935297138972
2074267605683032317;Mobby2103;@Rusia_HD Ja, warum nicht?;Deutschland;2026-07-06T23:01:49.000Z;2026-07-09T14:01:39.802431+00:00;queued;;;2074139935297138972
2074267722192502817;EnriquePar23644;@Rusia_HD Claro que sí.;;2026-07-06T23:02:17.000Z;2026-07-09T14:01:39.802431+00:00;queued;;;2074139935297138972
2074267757047156806;CitizenVigef2v;@Rusia_HD Yes;Florida, USA;2026-07-06T23:02:25.000Z;2026-07-09T14:01:39.802431+00:00;queued;;;2074139935297138972
2074267831940837678;AtsukoTeresa;@Rusia_HD Yes;大阪府大阪市西区江戸堀2丁目1-1 江戸堀センタ-ビルB1F;2026-07-06T23:02:43.000Z;2026-07-09T14:01:39.802431+00:00;queued;;;2074139935297138972
2074268092994138122;Thomas717361711;@Rusia_HD Yes;;2026-07-06T23:03:46.000Z;2026-07-09T14:01:39.802431+00:00;queued;;;2074139935297138972
2074268099377836141;SneakyPete_X;@Rusia_HD Yes;;2026-07-06T23:03:47.000Z;2026-07-09T14:01:39.802431+00:00;queued;;;2074139935297138972
2074268507110260804;Pilar582734991;@Rusia_HD Yes;Warsaw, Poland;2026-07-06T23:05:24.000Z;2026-07-09T14:01:39.802431+00:00;queued;;;2074139935297138972
