tweet_id;author_username;tweet_text;author_location;created_at;found_at
2074260466138845458;MattHar1619;@Rusia_HD Yes!;Michigan;2026-07-06T22:33:27.000Z;2026-07-09T14:01:40.528682+00:00
2074260573710176675;tlachtli13;@Rusia_HD Seguro que si;CDMX;2026-07-06T22:33:53.000Z;2026-07-09T14:01:40.528682+00:00
2074260576872640634;Andey70;"@Rusia_HD A visit?
Yes of course!😊😍❣️❤️

I love Putin";Tema, Ghana;2026-07-06T22:33:54.000Z;2026-07-09T14:01:40.528682+00:00
2074260729243291943;SayellMartin;@Rusia_HD Yes;;2026-07-06T22:34:30.000Z;2026-07-09T14:01:40.528682+00:00
2074260881555259861;UxFxLoCOM;@Rusia_HD Ja;Germany, NRW, Rheine Bevergern;2026-07-06T22:35:06.000Z;2026-07-09T14:01:40.528682+00:00
2074260892288450955;TavarezZorrilla;@Rusia_HD Si;;2026-07-06T22:35:09.000Z;2026-07-09T14:01:40.528682+00:00
2074260970982011233;CyrilSaign39944;@Rusia_HD Oui;;2026-07-06T22:35:28.000Z;2026-07-09T14:01:40.528682+00:00
2074261136929661328;MissMalartic;@Rusia_HD Yes, I would love to visit Russia.;;2026-07-06T22:36:07.000Z;2026-07-09T14:01:40.528682+00:00
2074261248846278764;lakerrunner;@Rusia_HD Woow. Quando si parte?;;2026-07-06T22:36:34.000Z;2026-07-09T14:01:40.528682+00:00
2074261304047755563;CrunchyPBJ78;@Rusia_HD Yes;Las Vegas, NV;2026-07-06T22:36:47.000Z;2026-07-09T14:01:40.528682+00:00
2074261307566723184;BrouckeJuanita;@Rusia_HD Oui, mille fois oui;;2026-07-06T22:36:48.000Z;2026-07-09T14:01:40.528682+00:00
2074261561867174354;praisericch;@Rusia_HD Yes because Trump also visited China https://t.co/6ePxTjnJwu;Okpella  Afokpella Edo state;2026-07-06T22:37:48.000Z;2026-07-09T14:01:40.528682+00:00
2074261581874258309;Monark_acenando;@Rusia_HD Sim;Brasil;2026-07-06T22:37:53.000Z;2026-07-09T14:01:40.528682+00:00
2074261602723877168;dandreslopeze;@Rusia_HD Yes I do;;2026-07-06T22:37:58.000Z;2026-07-09T14:01:40.528682+00:00
2074261732642500895;Hillybilly5759;@Rusia_HD Hell yes!!! I want to see sexy Putin!!!!;Appalachian Ohio;2026-07-06T22:38:29.000Z;2026-07-09T14:01:40.528682+00:00
2074261744478716381;RabahSaib8887;@Rusia_HD Yes;;2026-07-06T22:38:32.000Z;2026-07-09T14:01:40.528682+00:00
2074261785608163465;Baasrob1;@Rusia_HD yes;Austin, TX;2026-07-06T22:38:42.000Z;2026-07-09T14:01:40.528682+00:00
2074261845268205662;QasimAakashRaj;@Rusia_HD Yes;;2026-07-06T22:38:56.000Z;2026-07-09T14:01:40.528682+00:00
2074261884161688007;praisericch;@Rusia_HD Yes, because Trump also visited China 🇨🇳 https://t.co/02uLDBr8jI;Okpella  Afokpella Edo state;2026-07-06T22:39:05.000Z;2026-07-09T14:01:40.528682+00:00
2074261905036697780;Bisonesque;@Rusia_HD Have been. I love Moscow. One of the most culturally rich cities in the world. Not to sure about the communists I met there but hey great history great people. https://t.co/Ksy7Cfy3w8;Fulshear, TX;2026-07-06T22:39:10.000Z;2026-07-09T14:01:40.528682+00:00
2074261909344338166;TomjRace;@Rusia_HD Yeah. Probably. Russia seems nice.;;2026-07-06T22:39:11.000Z;2026-07-09T14:01:40.528682+00:00
2074261916306850252;RobertoMolina37;@Rusia_HD Yes, I consider than yes.;Antofagasta, Chile;2026-07-06T22:39:13.000Z;2026-07-09T14:01:40.528682+00:00
2074262030316376328;NicolasB75013;"@Rusia_HD Can I go stand exactly where you are with a 15kt nuke ? 
Then yes.";Paris - France;2026-07-06T22:39:40.000Z;2026-07-09T14:01:40.528682+00:00
2074262213024424345;praisericch;@Rusia_HD Yes , and stop deleting my reply 😤 https://t.co/fl1R52VOsU;Okpella  Afokpella Edo state;2026-07-06T22:40:24.000Z;2026-07-09T14:01:40.528682+00:00
2074262315239625152;RainerDjango;@Rusia_HD @pix_55_peter Yes, of course.;🇩🇪 Dresden;2026-07-06T22:40:48.000Z;2026-07-09T14:01:40.528682+00:00
2074262352535355855;FLORENCENABAKOO;@Rusia_HD Yes;Kaliiti_kitooke ,mende;2026-07-06T22:40:57.000Z;2026-07-09T14:01:40.528682+00:00
2074262382851813459;42f98006e6bb44c;@Rusia_HD Si;;2026-07-06T22:41:04.000Z;2026-07-09T14:01:40.528682+00:00
2074262489190031539;HayesCooper007;@Rusia_HD Yes I would;In the still of the night;2026-07-06T22:41:30.000Z;2026-07-09T14:01:40.528682+00:00
2074262573772406999;precious8l;@Rusia_HD Yes;;2026-07-06T22:41:50.000Z;2026-07-09T14:01:40.528682+00:00
2074262576574202347;OuaibiAhmed;@Rusia_HD Oui tout de suite;;2026-07-06T22:41:50.000Z;2026-07-09T14:01:40.528682+00:00
2074262615077851317;JoeKablan;@Rusia_HD Oui. J'en rêve.;;2026-07-06T22:42:00.000Z;2026-07-09T14:01:40.528682+00:00
2074262710049800250;BasiruCamaykk1;@Rusia_HD Yes;;2026-07-06T22:42:22.000Z;2026-07-09T14:01:40.528682+00:00
2074262724813410568;shongley143100;@Rusia_HD Yes;;2026-07-06T22:42:26.000Z;2026-07-09T14:01:40.528682+00:00
2074262876483711131;Wechti666;@Rusia_HD Ja, sehr gerne.;;2026-07-06T22:43:02.000Z;2026-07-09T14:01:40.528682+00:00
2074262947870945369;ultrainstinto69;@Rusia_HD Por supuesto que si.. aunque me vetaran de otros países;cabo san lucas;2026-07-06T22:43:19.000Z;2026-07-09T14:01:40.528682+00:00
2074263018624704846;Sopian60105214;@Rusia_HD Yes;;2026-07-06T22:43:36.000Z;2026-07-09T14:01:40.528682+00:00
2074263091278430458;BlueCode1905;@Rusia_HD Yes. And I would pay to go to Russia too.;;2026-07-06T22:43:53.000Z;2026-07-09T14:01:40.528682+00:00
2074263129043653084;HctorUrrutia13;@Rusia_HD Yes;;2026-07-06T22:44:02.000Z;2026-07-09T14:01:40.528682+00:00
2074263178863583463;VeritasOptional;@Rusia_HD Yes, absolutely.;;2026-07-06T22:44:14.000Z;2026-07-09T14:01:40.528682+00:00
2074263221775499608;WShakurr;@Rusia_HD Yes;;2026-07-06T22:44:24.000Z;2026-07-09T14:01:40.528682+00:00
2074263296518074496;singland976;@Rusia_HD @barkley_lady Yes;Limerick, Eire;2026-07-06T22:44:42.000Z;2026-07-09T14:01:40.528682+00:00
2074263331414688120;zmigri13;@Rusia_HD Yes;France;2026-07-06T22:44:50.000Z;2026-07-09T14:01:40.528682+00:00
2074263352147140866;FreddyCP6;@Rusia_HD Si si;Sucre-Bolivia;2026-07-06T22:44:55.000Z;2026-07-09T14:01:40.528682+00:00
2074263371235422674;mikado04401;"@Rusia_HD For Sure 100%

I would live there if permitted.";;2026-07-06T22:45:00.000Z;2026-07-09T14:01:40.528682+00:00
2074263483894710704;wyocrypto007;@Rusia_HD Yes;;2026-07-06T22:45:27.000Z;2026-07-09T14:01:40.528682+00:00
2074263629436752313;BaOdehy24288;@Rusia_HD Yes;;2026-07-06T22:46:01.000Z;2026-07-09T14:01:40.528682+00:00
2074263689734004782;EugenioGorski;@Rusia_HD Sim;Caxias do Sul, Brasil;2026-07-06T22:46:16.000Z;2026-07-09T14:01:40.528682+00:00
2074263697745178680;selase_tefeh;@Rusia_HD Yes;;2026-07-06T22:46:18.000Z;2026-07-09T14:01:40.528682+00:00
2074263702376010078;alan_domke;@Rusia_HD Yes;;2026-07-06T22:46:19.000Z;2026-07-09T14:01:40.528682+00:00
2074263730263580994;RojasRE62;@Rusia_HD YES!;;2026-07-06T22:46:25.000Z;2026-07-09T14:01:40.528682+00:00
2074263782684066296;alfred67497;@Rusia_HD Yes.;;2026-07-06T22:46:38.000Z;2026-07-09T14:01:40.528682+00:00
2074263863395275036;nari_abi;@Rusia_HD YES!!!;대한민국;2026-07-06T22:46:57.000Z;2026-07-09T14:01:40.528682+00:00
2074263866528141607;marteenk2;@Rusia_HD Ja;;2026-07-06T22:46:58.000Z;2026-07-09T14:01:40.528682+00:00
2074263899172708793;schafe91600;@Rusia_HD Yes;;2026-07-06T22:47:06.000Z;2026-07-09T14:01:40.528682+00:00
2074263986086797662;Robespierre72;@Rusia_HD Si;Guayas, Ecuador;2026-07-06T22:47:26.000Z;2026-07-09T14:01:40.528682+00:00
2074264050733879533;kondeln;@Rusia_HD I would love to visit Russia. My relatives were born there;Edmonton, Alberta;2026-07-06T22:47:42.000Z;2026-07-09T14:01:40.528682+00:00
2074264162218201460;daw49164_dawson;@Rusia_HD Yeah;Edinburgh, Scotland;2026-07-06T22:48:08.000Z;2026-07-09T14:01:40.528682+00:00
2074264253540774301;mousavi1358;@Rusia_HD Yes;ESFAHAN;2026-07-06T22:48:30.000Z;2026-07-09T14:01:40.528682+00:00
2074264370163351816;Noxishter;@Rusia_HD Yes;;2026-07-06T22:48:58.000Z;2026-07-09T14:01:40.528682+00:00
2074264410382561594;IlokiSg;@Rusia_HD YES ❤️❤️❤️;Ile-de-France, France;2026-07-06T22:49:08.000Z;2026-07-09T14:01:40.528682+00:00
2074264492444209430;JBONZ47763;@Rusia_HD Yes;USA;2026-07-06T22:49:27.000Z;2026-07-09T14:01:40.528682+00:00
2074264535783952492;NikoNikolic2;@Rusia_HD Yes!!!!;;2026-07-06T22:49:37.000Z;2026-07-09T14:01:40.528682+00:00
2074264604020994500;jdirtFOREVER;@Rusia_HD Sure.;#FEMAVI;2026-07-06T22:49:54.000Z;2026-07-09T14:01:40.528682+00:00
2074264673713635509;Alainfradly;@Rusia_HD Yes;;2026-07-06T22:50:10.000Z;2026-07-09T14:01:40.528682+00:00
2074264751908024361;voormijndochter;@Rusia_HD Hell yeah!!!!!;Nederland;2026-07-06T22:50:29.000Z;2026-07-09T14:01:40.528682+00:00
2074264757947744446;TorresYoung888;@Rusia_HD Yes;Spain;2026-07-06T22:50:30.000Z;2026-07-09T14:01:40.528682+00:00
2074264761789993359;schafe91600;@Rusia_HD Yes, with much appreciation for the northern Cossacks, defenders of Christianity.;;2026-07-06T22:50:31.000Z;2026-07-09T14:01:40.528682+00:00
2074264819868250355;kumbis2361;@Rusia_HD Si;;2026-07-06T22:50:45.000Z;2026-07-09T14:01:40.528682+00:00
2074264867264217294;ggarciacg7;@Rusia_HD Si;Masaya, Nicaragua;2026-07-06T22:50:56.000Z;2026-07-09T14:01:40.528682+00:00
2074265009354637328;tecolosoX;@Rusia_HD Yes of course!;North Valley, NM;2026-07-06T22:51:30.000Z;2026-07-09T14:01:40.528682+00:00
2074265032494366803;JagMike;@Rusia_HD yes;Jax - Milan - UK;2026-07-06T22:51:36.000Z;2026-07-09T14:01:40.528682+00:00
2074265110793666629;CaptnJb06;@Rusia_HD Yes.;Missouri, USA;2026-07-06T22:51:55.000Z;2026-07-09T14:01:40.528682+00:00
2074265162576494608;AnjaKessel43548;@Rusia_HD Ja;;2026-07-06T22:52:07.000Z;2026-07-09T14:01:40.528682+00:00
2074265443108327872;RFroming;@Rusia_HD yes. st petersburg in summer would be nice;;2026-07-06T22:53:14.000Z;2026-07-09T14:01:40.528682+00:00
2074265538302255307;Obonana_;@Rusia_HD Yes;;2026-07-06T22:53:36.000Z;2026-07-09T14:01:40.528682+00:00
2074265543033438369;Antwill_1st;@Rusia_HD Yes;;2026-07-06T22:53:38.000Z;2026-07-09T14:01:40.528682+00:00
2074265692824543407;Ronald21825551;@Rusia_HD Yes;;2026-07-06T22:54:13.000Z;2026-07-09T14:01:40.528682+00:00
2074265696649822271;OlivierGdu49;@Rusia_HD Oui !!!;;2026-07-06T22:54:14.000Z;2026-07-09T14:01:40.528682+00:00
2074265758134112412;MunroSofiec2;@Rusia_HD Sure.;;2026-07-06T22:54:29.000Z;2026-07-09T14:01:40.528682+00:00
2074265813373321230;MRT9053;@Rusia_HD Yes;;2026-07-06T22:54:42.000Z;2026-07-09T14:01:40.528682+00:00
2074265950161883247;kansas_orthodox;@Rusia_HD Yes, a million times.;;2026-07-06T22:55:15.000Z;2026-07-09T14:01:40.528682+00:00
2074265950661345575;augi_doggie;@Rusia_HD I would go in a minute.;California, USA;2026-07-06T22:55:15.000Z;2026-07-09T14:01:40.528682+00:00
2074266162922209730;milgecm;@Rusia_HD Si;LaGrange, GA;2026-07-06T22:56:05.000Z;2026-07-09T14:01:40.528682+00:00
2074266170799050765;HANY33239076;@Rusia_HD ○ Yes👍;From another world;2026-07-06T22:56:07.000Z;2026-07-09T14:01:40.528682+00:00
2074266181033148431;Welshwitchey;@Rusia_HD Yes, 🇷🇺👍;;2026-07-06T22:56:10.000Z;2026-07-09T14:01:40.528682+00:00
2074266192475308063;Tim196441;@Rusia_HD Yes;;2026-07-06T22:56:12.000Z;2026-07-09T14:01:40.528682+00:00
2074266226180993048;ogodowinm;@Rusia_HD Yes;;2026-07-06T22:56:20.000Z;2026-07-09T14:01:40.528682+00:00
2074266279121133704;PAJARITO946172;@Rusia_HD Si;;2026-07-06T22:56:33.000Z;2026-07-09T14:01:40.528682+00:00
2074266430577475867;AnnZandvliet;@Rusia_HD Yes;;2026-07-06T22:57:09.000Z;2026-07-09T14:01:40.528682+00:00
2074266442489319660;Izuu_c;@Rusia_HD Yes.;Lagos;2026-07-06T22:57:12.000Z;2026-07-09T14:01:39.802431+00:00
2074266485392851192;DocAsh_8404;@Rusia_HD Yes, 100%;;2026-07-06T22:57:22.000Z;2026-07-09T14:01:39.802431+00:00
2074266530448081001;masterosine5;@Rusia_HD @moniqueall76789 Oui absolument ...;03;2026-07-06T22:57:33.000Z;2026-07-09T14:01:39.802431+00:00
2074266620822802490;Errk21;@Rusia_HD Yes Yes;;2026-07-06T22:57:55.000Z;2026-07-09T14:01:39.802431+00:00
2074266845742325895;WSartin31817;@Rusia_HD Yes;Rhome, TX;2026-07-06T22:58:48.000Z;2026-07-09T14:01:39.802431+00:00
2074266876742394187;Francis85802819;@Rusia_HD Óbvio que sim;;2026-07-06T22:58:56.000Z;2026-07-09T14:01:39.802431+00:00
2074266983860764899;Kilua2308;@Rusia_HD Yes;;2026-07-06T22:59:21.000Z;2026-07-09T14:01:39.802431+00:00
2074266991049736630;amaduabassvtp7;"@Rusia_HD 100,000,000 Big Yes 
Because love Russia more especially Putin 💕💕";;2026-07-06T22:59:23.000Z;2026-07-09T14:01:39.802431+00:00
2074266993495060854;ArchVaz;@Rusia_HD Of Course yes;;2026-07-06T22:59:23.000Z;2026-07-09T14:01:39.802431+00:00
2074267091578814788;valicarus20;@Rusia_HD Si toda la vida;;2026-07-06T22:59:47.000Z;2026-07-09T14:01:39.802431+00:00
2074267127889195200;carlosepasc;@Rusia_HD Si;;2026-07-06T22:59:55.000Z;2026-07-09T14:01:39.802431+00:00
2074267162559095075;PatrickFriedri8;@Rusia_HD Yes 🌹;;2026-07-06T23:00:04.000Z;2026-07-09T14:01:39.802431+00:00
2074267340573704305;EmmanuelDonova3;@Rusia_HD Yes;Living in reality.;2026-07-06T23:00:46.000Z;2026-07-09T14:01:39.802431+00:00
2074267390490132512;JehanJan170773;@Rusia_HD Yes;;2026-07-06T23:00:58.000Z;2026-07-09T14:01:39.802431+00:00
2074267412187263020;Figueira1171;@Rusia_HD Sim, com toda certeza.;;2026-07-06T23:01:03.000Z;2026-07-09T14:01:39.802431+00:00
2074267433896964584;HCastao;@Rusia_HD Yes;medellin;2026-07-06T23:01:08.000Z;2026-07-09T14:01:39.802431+00:00
2074267470412599677;HungyAndy;@Rusia_HD YES;England, United Kingdom;2026-07-06T23:01:17.000Z;2026-07-09T14:01:39.802431+00:00
2074267481485476124;colinas_j12511;@Rusia_HD Si claro;;2026-07-06T23:01:20.000Z;2026-07-09T14:01:39.802431+00:00
2074267553925321076;nicht_sean;@Rusia_HD I mean I dont speak Russian nor am I able to read Cyrillic so im not sure honestly. But besides that, yeah.;;2026-07-06T23:01:37.000Z;2026-07-09T14:01:39.802431+00:00
2074267605683032317;Mobby2103;@Rusia_HD Ja, warum nicht?;Deutschland;2026-07-06T23:01:49.000Z;2026-07-09T14:01:39.802431+00:00
2074267722192502817;EnriquePar23644;@Rusia_HD Claro que sí.;;2026-07-06T23:02:17.000Z;2026-07-09T14:01:39.802431+00:00
2074267757047156806;CitizenVigef2v;@Rusia_HD Yes;Florida, USA;2026-07-06T23:02:25.000Z;2026-07-09T14:01:39.802431+00:00
2074267831940837678;AtsukoTeresa;@Rusia_HD Yes;大阪府大阪市西区江戸堀2丁目1-1 江戸堀センタ-ビルB1F;2026-07-06T23:02:43.000Z;2026-07-09T14:01:39.802431+00:00
2074267851578626295;UlLehaj;@Rusia_HD Yes;Dhaka,;2026-07-06T23:02:48.000Z;2026-07-09T14:01:39.802431+00:00
2074267998181810262;AantonioBr21230;@Rusia_HD Sim;;2026-07-06T23:03:23.000Z;2026-07-09T14:01:39.802431+00:00
2074268037344116855;Blinkdado;@Rusia_HD si;;2026-07-06T23:03:32.000Z;2026-07-09T14:01:39.802431+00:00
2074268092994138122;Thomas717361711;@Rusia_HD Yes;;2026-07-06T23:03:46.000Z;2026-07-09T14:01:39.802431+00:00
2074268099377836141;SneakyPete_X;@Rusia_HD Yes;;2026-07-06T23:03:47.000Z;2026-07-09T14:01:39.802431+00:00
2074268222363254981;JoseRam52140040;@Rusia_HD Si;;2026-07-06T23:04:16.000Z;2026-07-09T14:01:39.802431+00:00
2074268507110260804;Pilar582734991;@Rusia_HD Yes;Warsaw, Poland;2026-07-06T23:05:24.000Z;2026-07-09T14:01:39.802431+00:00
2074268525674287353;Manuel98284397;@Rusia_HD Si;Borbonia;2026-07-06T23:05:29.000Z;2026-07-09T14:01:39.802431+00:00
2074268576194699304;Jmebeq;@Rusia_HD Yes;;2026-07-06T23:05:41.000Z;2026-07-09T14:01:39.802431+00:00
2074268577708777580;santigvicious;@Rusia_HD Yes the motherland;;2026-07-06T23:05:41.000Z;2026-07-09T14:01:39.802431+00:00
2074268583580795337;YoungMartinKE;@Rusia_HD @ed_kemboi Yes;Global;2026-07-06T23:05:43.000Z;2026-07-09T14:01:39.802431+00:00
2074268659099332742;SammarAbbasHani;@Rusia_HD Yes;Lahore;2026-07-06T23:06:01.000Z;2026-07-09T14:01:39.802431+00:00
2074268726602379742;Luis16363936550;@Rusia_HD Sim;Mogi das Cruzes, Brasil;2026-07-06T23:06:17.000Z;2026-07-09T14:01:39.802431+00:00
2074268762224648381;isabellopezsimo;@Rusia_HD Si;;2026-07-06T23:06:25.000Z;2026-07-09T14:01:39.802431+00:00
2074268786333806607;julianvzdg;@Rusia_HD Obviamente que si;;2026-07-06T23:06:31.000Z;2026-07-09T14:01:39.802431+00:00
2074268798480470444;5aripatitanah;@Rusia_HD O Yes 💚;;2026-07-06T23:06:34.000Z;2026-07-09T14:01:39.802431+00:00
2074268865622679728;Elfemurdebusto;@Rusia_HD ¡Pero claro que sí, hermano!;Buenos Aires;2026-07-06T23:06:50.000Z;2026-07-09T14:01:39.802431+00:00
2074268979691180133;zsaubes;@Rusia_HD Yes;vancouver;2026-07-06T23:07:17.000Z;2026-07-09T14:01:39.802431+00:00
2074269016110055741;rangelica154657;@Rusia_HD Si;;2026-07-06T23:07:26.000Z;2026-07-09T14:01:39.802431+00:00
2074269038180749648;Ahmadipa1398;@Rusia_HD Yeah;;2026-07-06T23:07:31.000Z;2026-07-09T14:01:39.802431+00:00
2074269081008546166;ViVal111;@Rusia_HD Yes sure! Is my dream;Lombardia;2026-07-06T23:07:41.000Z;2026-07-09T14:01:39.802431+00:00
2074269092240933087;simofarid146194;@Rusia_HD Yes of course. I would love to see the paintings of repin the great painter.;;2026-07-06T23:07:44.000Z;2026-07-09T14:01:39.802431+00:00
2074269110284767384;ja89165;@Rusia_HD Sim;;2026-07-06T23:07:48.000Z;2026-07-09T14:01:39.802431+00:00
2074269178589008219;DogPiss7777;@Rusia_HD Sure, would be interesting.;;2026-07-06T23:08:04.000Z;2026-07-09T14:01:39.802431+00:00
2074269311703585179;julian_eladio;@Rusia_HD Si;ChiIe;2026-07-06T23:08:36.000Z;2026-07-09T14:01:39.802431+00:00
2074269350169587818;Heisenberg_Usa;@Rusia_HD I would love to go! The architecture and history alone warrants a visit!;Washington, DC;2026-07-06T23:08:45.000Z;2026-07-09T14:01:39.802431+00:00
2074269598594052240;NarhMichea74494;@Rusia_HD Yes!!!!;;2026-07-06T23:09:45.000Z;2026-07-09T14:01:39.802431+00:00
2074269654097264658;elverGongy;@Rusia_HD Si claro;;2026-07-06T23:09:58.000Z;2026-07-09T14:01:39.802431+00:00
2074269693238493464;MojetWesle88768;@Rusia_HD Yes;;2026-07-06T23:10:07.000Z;2026-07-09T14:01:39.802431+00:00
2074269716386890019;7thSeaEmperor;@Rusia_HD Yes;;2026-07-06T23:10:13.000Z;2026-07-09T14:01:39.802431+00:00
2074269721864904942;David747815774;@Rusia_HD Sorry. I would love to but I have to work and my cat would hate me. lol!;Milky Way Galaxy, Earth;2026-07-06T23:10:14.000Z;2026-07-09T14:01:39.802431+00:00
2074269879985729816;CamposAlbe67888;@Rusia_HD Si;;2026-07-06T23:10:52.000Z;2026-07-09T14:01:39.802431+00:00
2074269920334844119;SnipeJohnson2;@Rusia_HD Yes;Jeffersonville, IN;2026-07-06T23:11:01.000Z;2026-07-09T14:01:39.802431+00:00
2074269994918244741;MercilessRadio1;@Rusia_HD Sure, I always wanted to drive a Kamaz.;NW Montana;2026-07-06T23:11:19.000Z;2026-07-09T14:01:39.802431+00:00
2074270017646907392;katamokano;@Rusia_HD Yes!!!;Ciudad de México;2026-07-06T23:11:24.000Z;2026-07-09T14:01:39.802431+00:00
2074270116330471440;Ginoslanzi;@Rusia_HD Absolutamente si!;;2026-07-06T23:11:48.000Z;2026-07-09T14:01:39.802431+00:00
2074270137213985267;pmalazartes62;@Rusia_HD @lcoutoecouto Yes;;2026-07-06T23:11:53.000Z;2026-07-09T14:01:39.802431+00:00
2074270274774520202;EricLec64600770;@Rusia_HD yes;;2026-07-06T23:12:26.000Z;2026-07-09T14:01:39.802431+00:00
2074270285554164124;mi123chael;@Rusia_HD Hell yes!  👍;;2026-07-06T23:12:28.000Z;2026-07-09T14:01:39.802431+00:00
2074270464264839305;KnuthKneusel;@Rusia_HD Ja;Karlsruhe;2026-07-06T23:13:11.000Z;2026-07-09T14:01:39.802431+00:00
2074270495482982897;Tianmere;@Rusia_HD Yes, absolutely;Kansas;2026-07-06T23:13:18.000Z;2026-07-09T14:01:39.802431+00:00
2074270516194476514;jagdmarkt;@Rusia_HD Yes;;2026-07-06T23:13:23.000Z;2026-07-09T14:01:39.802431+00:00
2074270594367918549;Deanphantom;@Rusia_HD Yes for sure;Earth;2026-07-06T23:13:42.000Z;2026-07-09T14:01:39.802431+00:00
2074270610562392556;JJHardwood;@Rusia_HD Yes, I’ve been waiting for Russia to send my honeypot. With 21 name changes, I’m convinced this account is fake.;United States of America;2026-07-06T23:13:46.000Z;2026-07-09T14:01:39.802431+00:00
2074270751692054884;JohnH1768953;@Rusia_HD Yes;;2026-07-06T23:14:19.000Z;2026-07-09T14:01:39.802431+00:00
2074270803470729487;earlygrind19;@Rusia_HD Yes;St Louis, MO;2026-07-06T23:14:32.000Z;2026-07-09T14:01:39.802431+00:00
2074270838472245561;Netjet687476;@Rusia_HD Yes definitely;Huntington Long Island;2026-07-06T23:14:40.000Z;2026-07-09T14:01:39.802431+00:00
2074270876590027238;WiseAndFirm;@Rusia_HD Yes;Tema, Ghana;2026-07-06T23:14:49.000Z;2026-07-09T14:01:39.802431+00:00
2074270909297258968;leny_mayor;@Rusia_HD Yes I would;Ohio, USA;2026-07-06T23:14:57.000Z;2026-07-09T14:01:39.802431+00:00
2074270951982735814;eumaple;@Rusia_HD Si;;2026-07-06T23:15:07.000Z;2026-07-09T14:01:39.802431+00:00
2074271020962234478;skiadike;@Rusia_HD Si;bogotá;2026-07-06T23:15:24.000Z;2026-07-09T14:01:39.802431+00:00
2074271045247254711;JoshuaArd6;@Rusia_HD Sure why the fuck not!;Georgia, USA (not Atlanta!);2026-07-06T23:15:29.000Z;2026-07-09T14:01:39.802431+00:00
2074271101702557857;TarzanPiz;@Rusia_HD Si amor..para verte;;2026-07-06T23:15:43.000Z;2026-07-09T14:01:39.802431+00:00
2074271139887546726;AkserArien;@Rusia_HD pas de soucis , si c'est gratuit je viens moi, j'aimerais trop visiter ce pays quand même;;2026-07-06T23:15:52.000Z;2026-07-09T14:01:39.802431+00:00
2074271157545742384;JohnMcG92512033;@Rusia_HD Sure, I would love to see Russia;;2026-07-06T23:15:56.000Z;2026-07-09T14:01:39.802431+00:00
2074271180681294323;GuillouGu70559;@Rusia_HD 1 yes;;2026-07-06T23:16:02.000Z;2026-07-09T14:01:39.802431+00:00
2074271210242752768;AnakinSkyw68117;@Rusia_HD Yes;;2026-07-06T23:16:09.000Z;2026-07-09T14:01:39.802431+00:00
2074271268782702810;gpe_pegasus;@Rusia_HD Ja;Bensheim, Deutschland;2026-07-06T23:16:23.000Z;2026-07-09T14:01:39.802431+00:00
2074271306812449090;vulture18891889;@Rusia_HD Enthusiastically yes! But only after the war ended.;The Vulture’s Nest in Kentucky;2026-07-06T23:16:32.000Z;2026-07-09T14:01:39.802431+00:00
2074271326987080182;FeikeChristian;@Rusia_HD Ja;Euskirchen;2026-07-06T23:16:37.000Z;2026-07-09T14:01:39.802431+00:00
2074271369722753094;Frankie244738;@Rusia_HD Yes!;;2026-07-06T23:16:47.000Z;2026-07-09T14:01:39.802431+00:00
2074271452845490372;GuillouGu70559;@Rusia_HD Oui yes sim ok ❤️❤️;;2026-07-06T23:17:07.000Z;2026-07-09T14:01:39.802431+00:00
2074271456209351013;RamnPadrn4;@Rusia_HD Si;;2026-07-06T23:17:07.000Z;2026-07-09T14:01:39.802431+00:00
2074271472731005196;vandongtvt;@Rusia_HD Yes;;2026-07-06T23:17:11.000Z;2026-07-09T14:01:39.802431+00:00
2074271488429945074;Olga77Olivia;@Rusia_HD Oui je peux pas répondre le bouton oui je s actionne pas?!;;2026-07-06T23:17:15.000Z;2026-07-09T14:01:39.802431+00:00
2074271572391547115;AW7AU;@Rusia_HD Yes;Boca Raton, FL;2026-07-06T23:17:35.000Z;2026-07-09T14:01:39.802431+00:00
2074271597892866484;TumachoGAM;@Rusia_HD Si;G.A.M. CDMX;2026-07-06T23:17:41.000Z;2026-07-09T14:01:39.802431+00:00
2074271734417793071;shahidwafa789;@Rusia_HD Yes;Islamabad, Pakistan;2026-07-06T23:18:14.000Z;2026-07-09T14:01:39.802431+00:00
2074271779908890682;tony33669912;@Rusia_HD Yes!;;2026-07-06T23:18:25.000Z;2026-07-09T14:01:39.080508+00:00
2074271840516579663;HammerDoktor;@Rusia_HD @HelmutLoibl Yes;;2026-07-06T23:18:39.000Z;2026-07-09T14:01:39.080508+00:00
2074271905419231372;SinonGrace;@Rusia_HD Yes! Always wanted to see Red Square and the Kremlin 🥰;;2026-07-06T23:18:55.000Z;2026-07-09T14:01:39.080508+00:00
2074272011157754324;FarmFrenGroyp;@Rusia_HD Yes;;2026-07-06T23:19:20.000Z;2026-07-09T14:01:39.080508+00:00
2074272113800704420;MLodbrok90;@Rusia_HD Yes;;2026-07-06T23:19:44.000Z;2026-07-09T14:01:39.080508+00:00
2074272203818836308;Constantin77766;@Rusia_HD Yes, I would stay forever;;2026-07-06T23:20:06.000Z;2026-07-09T14:01:39.080508+00:00
2074272356856385850;mahmood_mi37601;@Rusia_HD Yes;;2026-07-06T23:20:42.000Z;2026-07-09T14:01:39.080508+00:00
2074272406428852560;Joensson65;@Rusia_HD Ja absolut;Simrishamn, Sverige;2026-07-06T23:20:54.000Z;2026-07-09T14:01:39.080508+00:00
2074272494593191941;Bilbomisanthrop;@Rusia_HD Ja, natürlich.;;2026-07-06T23:21:15.000Z;2026-07-09T14:01:39.080508+00:00
2074272506781782459;Musty0433;@Rusia_HD Yes;trenche;2026-07-06T23:21:18.000Z;2026-07-09T14:01:39.080508+00:00
2074272668623257971;KaspaDanijel;@Rusia_HD Sure love to go,politics and the people of any country are 2 completely different things.;;2026-07-06T23:21:56.000Z;2026-07-09T14:01:39.080508+00:00
2074272709547102358;Nebado92;@Rusia_HD Yes;France;2026-07-06T23:22:06.000Z;2026-07-09T14:01:39.080508+00:00
2074272712936095752;JohnKem28013340;"@Rusia_HD YES! …. but I’m committed to making America great for every race, every religion (that allows me mine) and everyone who loves true freedom!
🙏🏻🙏🏿";Greatest Country In The World;2026-07-06T23:22:07.000Z;2026-07-09T14:01:39.080508+00:00
2074272716421533904;GurejeL;@Rusia_HD Yes;Abuja;2026-07-06T23:22:08.000Z;2026-07-09T14:01:39.080508+00:00
2074272888140509295;JessicaFriggnP;@Rusia_HD Yes 🙌🏻;Your moms house;2026-07-06T23:22:49.000Z;2026-07-09T14:01:39.080508+00:00
2074272942481916352;oeaux_neaux;@Rusia_HD Yes;Lone Star State;2026-07-06T23:23:02.000Z;2026-07-09T14:01:39.080508+00:00
2074272997142081800;Ignatiu27128778;@Rusia_HD Yes;;2026-07-06T23:23:15.000Z;2026-07-09T14:01:39.080508+00:00
2074273039412261055;USNHMZ;@Rusia_HD Yes. Im Western Slavic %30+ Ancestry Genetically after Irish its me.;Saint Johns, Florida;2026-07-06T23:23:25.000Z;2026-07-09T14:01:39.080508+00:00
2074273048983646387;AlSabai_7;@Rusia_HD Yes, I would. Russia has a rich history, beautiful places, and an interesting culture. It would be a great opportunity to visit and explore it. 😊;;2026-07-06T23:23:27.000Z;2026-07-09T14:01:39.080508+00:00
2074273243465134522;Tomcat_23;@Rusia_HD Ja;;2026-07-06T23:24:14.000Z;2026-07-09T14:01:39.080508+00:00
2074273330819932580;Kade7X_;@Rusia_HD Yes;;2026-07-06T23:24:34.000Z;2026-07-09T14:01:39.080508+00:00
2074273428744327192;saidsebih473;@Rusia_HD Oui;;2026-07-06T23:24:58.000Z;2026-07-09T14:01:39.080508+00:00
2074273450949280169;MANUELL37745201;@Rusia_HD Si;;2026-07-06T23:25:03.000Z;2026-07-09T14:01:39.080508+00:00
2074273501628731511;CelticSede88;@Rusia_HD Oh yeah;Canada;2026-07-06T23:25:15.000Z;2026-07-09T14:01:39.080508+00:00
2074273516375957667;tipoy971;@Rusia_HD Oui;;2026-07-06T23:25:19.000Z;2026-07-09T14:01:39.080508+00:00
2074273604666094079;Bwealth17;@Rusia_HD Sure I would gladly do;Center of Earth;2026-07-06T23:25:40.000Z;2026-07-09T14:01:39.080508+00:00
2074273650711089417;lawrenceb2000;@Rusia_HD Yes;;2026-07-06T23:25:51.000Z;2026-07-09T14:01:39.080508+00:00
2074273733213143224;LF_Hiker;@Rusia_HD Yes, why not ?;Rio de Janeiro, Brasil;2026-07-06T23:26:10.000Z;2026-07-09T14:01:39.080508+00:00
2074273738053328955;LeeSpinner1;@Rusia_HD I would;Athens, PA;2026-07-06T23:26:11.000Z;2026-07-09T14:01:39.080508+00:00
2074273759100563492;LucienTiti;@Rusia_HD Oui;;2026-07-06T23:26:16.000Z;2026-07-09T14:01:39.080508+00:00
2074273767061078428;billmanjr2011;@Rusia_HD Yes of course;;2026-07-06T23:26:18.000Z;2026-07-09T14:01:39.080508+00:00
2074273804893692329;chrisuar2000;@Rusia_HD Si;;2026-07-06T23:26:27.000Z;2026-07-09T14:01:39.080508+00:00
2074273857909731683;tanjuska0146890;@Rusia_HD Yes;;2026-07-06T23:26:40.000Z;2026-07-09T14:01:39.080508+00:00
2074274007902310487;xAFDx;@Rusia_HD Yes.. I have been to Russia 🇷🇺 many times and I love it.. Great country and wonderful people.. God bless Putin 🙌;;2026-07-06T23:27:16.000Z;2026-07-09T14:01:39.080508+00:00
2074274076189663595;ForbusRobert;@Rusia_HD I would go - many years ago I spent several months there.;37073;2026-07-06T23:27:32.000Z;2026-07-09T14:01:39.080508+00:00
2074274103671058921;010714fz;@Rusia_HD Yes;Mars;2026-07-06T23:27:39.000Z;2026-07-09T14:01:39.080508+00:00
2074274214492737649;CharllesAndr;@Rusia_HD Sim;Brasil;2026-07-06T23:28:05.000Z;2026-07-09T14:01:39.080508+00:00
2074274217269309807;ChrisPavey76;@Rusia_HD YES!! 👍🏼;Cheshire;2026-07-06T23:28:06.000Z;2026-07-09T14:01:39.080508+00:00
2074274229877452949;gerardofd84;@Rusia_HD Si;;2026-07-06T23:28:09.000Z;2026-07-09T14:01:39.080508+00:00
2074274275431940361;ScrapYard_0;@Rusia_HD Yes, I woukd love to Vist Russia;;2026-07-06T23:28:20.000Z;2026-07-09T14:01:39.080508+00:00
2074274295321108754;NiketasICXC;@Rusia_HD Yes would love to see the geography and visit Valaam;;2026-07-06T23:28:24.000Z;2026-07-09T14:01:39.080508+00:00
2074274334793752792;TachieBiko;@Rusia_HD Yes;;2026-07-06T23:28:34.000Z;2026-07-09T14:01:39.080508+00:00
2074274362866155763;ECBaron;@Rusia_HD SI;México;2026-07-06T23:28:40.000Z;2026-07-09T14:01:39.080508+00:00
2074274383770628516;GamarraAmalia;@Rusia_HD Si,manden por favor 🙂;;2026-07-06T23:28:45.000Z;2026-07-09T14:01:39.080508+00:00
2074274398723342445;006_festero;@Rusia_HD Yes;Valencia, España;2026-07-06T23:28:49.000Z;2026-07-09T14:01:39.080508+00:00
2074274455715537176;andres_can97472;@Rusia_HD Si;;2026-07-06T23:29:03.000Z;2026-07-09T14:01:39.080508+00:00
2074274497562018079;American4ev;@Rusia_HD I would;;2026-07-06T23:29:13.000Z;2026-07-09T14:01:39.080508+00:00
2074274499977994537;RemigioAlmaraz;@Rusia_HD Si super siiii;;2026-07-06T23:29:13.000Z;2026-07-09T14:01:39.080508+00:00
2074274659240128958;TheJarraPirate;@Rusia_HD Yes, I love Russia;;2026-07-06T23:29:51.000Z;2026-07-09T14:01:39.080508+00:00
2074274676176527805;Alikonto;"@Rusia_HD Yes &amp; yes";;2026-07-06T23:29:55.000Z;2026-07-09T14:01:39.080508+00:00
2074274732002742591;WernerBrya82193;@Rusia_HD Yes;;2026-07-06T23:30:08.000Z;2026-07-09T14:01:39.080508+00:00
2074274785379402161;Roycontrol;@Rusia_HD Yes!;Santo Domingo Este;2026-07-06T23:30:21.000Z;2026-07-09T14:01:39.080508+00:00
2074274795529576708;bradenwykle22;@Rusia_HD yes;WV - Charlottesville, Va;2026-07-06T23:30:24.000Z;2026-07-09T14:01:39.080508+00:00
2074274852626739428;dnneb0;@Rusia_HD YES;;2026-07-06T23:30:37.000Z;2026-07-09T14:01:39.080508+00:00
2074274866161655995;pedro1902tff;@Rusia_HD Sim;RIO DE JANEIRO;2026-07-06T23:30:40.000Z;2026-07-09T14:01:39.080508+00:00
2074275017102094572;jeffer1245x;@Rusia_HD Yes, one of the few Western countries that is not a degenerate cesspool created by people who hate Western Christian Civilization. Your leaders actually care about the lives of their countrymen which is very rare these days.;;2026-07-06T23:31:16.000Z;2026-07-09T14:01:39.080508+00:00
2074275123855491393;Judozado;@Rusia_HD Obvio si. Siempre si.;Spain;2026-07-06T23:31:42.000Z;2026-07-09T14:01:39.080508+00:00
2074275258597789734;KingxJoyxBoy;@Rusia_HD yes;Crypto Cinematic Universe(CCU);2026-07-06T23:32:14.000Z;2026-07-09T14:01:39.080508+00:00
2074275346547921022;PrimadoBratac;@Rusia_HD Si, porque no?... Si claro. https://t.co/t20bR6cPHL;;2026-07-06T23:32:35.000Z;2026-07-09T14:01:39.080508+00:00
2074275433449750994;KouakouDJA35974;@Rusia_HD Oui;;2026-07-06T23:32:56.000Z;2026-07-09T14:01:39.080508+00:00
2074275503859519885;HaroldZaya11879;@Rusia_HD Si;;2026-07-06T23:33:12.000Z;2026-07-09T14:01:39.080508+00:00
2074275526093475971;YasinulAnsari;@Rusia_HD Yes;Anchorage, AK;2026-07-06T23:33:18.000Z;2026-07-09T14:01:39.080508+00:00
2074275566451102027;AliUhmar55407;@Rusia_HD Yes I want go to Chechnya, Dagestan;Newark, NJ;2026-07-06T23:33:27.000Z;2026-07-09T14:01:39.080508+00:00
2074275583370916334;JJ_Angleton;@Rusia_HD Sure;;2026-07-06T23:33:31.000Z;2026-07-09T14:01:39.080508+00:00
2074275606892773419;Alejand09307027;@Rusia_HD Si con gusto;CDMX;2026-07-06T23:33:37.000Z;2026-07-09T14:01:39.080508+00:00
2074275607098138656;Vanderleifpi;@Rusia_HD Sim;Teresina, Brasil;2026-07-06T23:33:37.000Z;2026-07-09T14:01:39.080508+00:00
2074275622046630181;Bred3274;@Rusia_HD Yes;Houston, TX;2026-07-06T23:33:41.000Z;2026-07-09T14:01:39.080508+00:00
2074275772609503586;Gimmi52296693;@Rusia_HD @g_bonincontro Yes, immediately!;Lombardia.;2026-07-06T23:34:17.000Z;2026-07-09T14:01:39.080508+00:00
2074275802393239602;mr_Nobody_fool;@Rusia_HD Yes very fast a country on my bucket list;;2026-07-06T23:34:24.000Z;2026-07-09T14:01:39.080508+00:00
2074275835666653446;Heis_Theodore;@Rusia_HD Yes!!;Accra, Ghana;2026-07-06T23:34:32.000Z;2026-07-09T14:01:39.080508+00:00
2074275919707943226;Xfreedomm;@Rusia_HD Yes;;2026-07-06T23:34:52.000Z;2026-07-09T14:01:39.080508+00:00
2074275947113787559;dinosaurnomore;@Rusia_HD Yes;;2026-07-06T23:34:58.000Z;2026-07-09T14:01:39.080508+00:00
2074276104299225510;Rofrano47;@Rusia_HD Yes;;2026-07-06T23:35:36.000Z;2026-07-09T14:01:39.080508+00:00
2074276144866615485;jcexdex;@Rusia_HD Yes!!!;Metaverse / Multiverse;2026-07-06T23:35:45.000Z;2026-07-09T14:01:39.080508+00:00
2074276268548248048;patriciorod622;@Rusia_HD Si;;2026-07-06T23:36:15.000Z;2026-07-09T14:01:39.080508+00:00
2074276484584181832;migenteescolima;@Rusia_HD Yes;Colima Colima México;2026-07-06T23:37:06.000Z;2026-07-09T14:01:39.080508+00:00
2074276511092211954;MarxistBWC;@Rusia_HD I would love to colonise that Russian pussy;Germania;2026-07-06T23:37:13.000Z;2026-07-09T14:01:39.080508+00:00
2074276550745210986;nzehify;@Rusia_HD Yes! I love Russia.;;2026-07-06T23:37:22.000Z;2026-07-09T14:01:39.080508+00:00
2074276602989473821;Kell2502;@Rusia_HD Yes;;2026-07-06T23:37:35.000Z;2026-07-09T14:01:39.080508+00:00
2074276709273387152;IntrepidNewsUS;@Rusia_HD I doubt it, because i'm not convinced Americans are safe from the Russian government when traveling through Russia, but if i was convinced I was safe from the government I would love to travel through russia and get to know the people there.;Reno, NV;2026-07-06T23:38:00.000Z;2026-07-09T14:01:39.080508+00:00
2074276763480314094;ciriacoduart;@Rusia_HD Yes;Paraguay;2026-07-06T23:38:13.000Z;2026-07-09T14:01:39.080508+00:00
2074276798305653125;Eduardo_Duran73;@Rusia_HD Si;;2026-07-06T23:38:21.000Z;2026-07-09T14:01:39.080508+00:00
2074276825488876026;JBuzito;@Rusia_HD Si;;2026-07-06T23:38:28.000Z;2026-07-09T14:01:39.080508+00:00
2074276921811083677;BotBizAI;@Rusia_HD I’d go for sure;;2026-07-06T23:38:51.000Z;2026-07-09T14:01:39.080508+00:00
2074276956732878884;Direita_liberal;@Rusia_HD Sim;Sao paulo;2026-07-06T23:38:59.000Z;2026-07-09T13:59:57.902383+00:00
2074276964056101139;electrozeus71;@Rusia_HD Si;Los Cabos BCS;2026-07-06T23:39:01.000Z;2026-07-09T13:59:57.902383+00:00
2074276980694884853;Hardenbol_J;@Rusia_HD Yeah sure. Would be nice;;2026-07-06T23:39:05.000Z;2026-07-09T13:59:57.902383+00:00
2074277142926365109;gus_rabanovich;@Rusia_HD Si;México;2026-07-06T23:39:43.000Z;2026-07-09T13:59:57.902383+00:00
2074277171179254054;CTossutti36620;@Rusia_HD Si;;2026-07-06T23:39:50.000Z;2026-07-09T13:59:57.902383+00:00
2074277188262670706;vladimirsantan5;@Rusia_HD Si;;2026-07-06T23:39:54.000Z;2026-07-09T13:59:57.902383+00:00
2074277211381629054;nicoVEGfornacca;@Rusia_HD @LibertaNicola Si;;2026-07-06T23:40:00.000Z;2026-07-09T13:59:57.902383+00:00
2074277543331369071;MidnightOil;@Rusia_HD YES agreed to visit Russia;Illinois;2026-07-06T23:41:19.000Z;2026-07-09T13:59:57.902383+00:00
2074277763146760545;SteveSmith56721;"@Rusia_HD Yes
Want to go hunting in Kamchatka";USA;2026-07-06T23:42:11.000Z;2026-07-09T13:59:57.902383+00:00
2074277807941681291;jfshoal;@Rusia_HD Yes;kansas city;2026-07-06T23:42:22.000Z;2026-07-09T13:59:57.902383+00:00
2074277838010700284;SocialImpurity;@Rusia_HD If I were a bomb, probably yes.;Delocalized.;2026-07-06T23:42:29.000Z;2026-07-09T13:59:57.902383+00:00
2074277894407532702;Richard06166230;@Rusia_HD Yes,but it has to be during the Summer.;;2026-07-06T23:42:42.000Z;2026-07-09T13:59:57.902383+00:00
2074277933175210136;AlexLop30195934;@Rusia_HD Si;;2026-07-06T23:42:52.000Z;2026-07-09T13:59:57.902383+00:00
2074278023046849023;M2020Beauregard;@Rusia_HD oui;Quebec;2026-07-06T23:43:13.000Z;2026-07-09T13:59:57.902383+00:00
2074278117410001030;RImpaglione;@Rusia_HD Si con mucho placer ! Un país muy interesante de conocer . Hubiera sido lindo estar cuando se jugó el mundial de fútbol con tanta gente en las calles hasta la noche o madrugada .;PY;2026-07-06T23:43:36.000Z;2026-07-09T13:59:57.902383+00:00
2074278234213040342;14homicidios;@Rusia_HD ¡Obvio que si!;Viña del Mar, Chile;2026-07-06T23:44:03.000Z;2026-07-09T13:59:57.902383+00:00
2074278243323289630;Nonniey05;@Rusia_HD A free invitation? I think most have that already. Now a free all expenses paid trip is what I'd say yes too (But that would be true of most places (most).;;2026-07-06T23:44:06.000Z;2026-07-09T13:59:57.902383+00:00
2074278247479607473;negronski1;@Rusia_HD Yes;;2026-07-06T23:44:07.000Z;2026-07-09T13:59:57.902383+00:00
2074278259806572858;Langbein50;@Rusia_HD Yes;;2026-07-06T23:44:10.000Z;2026-07-09T13:59:57.902383+00:00
2074278290517352619;willsct01;@Rusia_HD Yes;Houston, TX;2026-07-06T23:44:17.000Z;2026-07-09T13:59:57.902383+00:00
2074278304572670162;YYCFreedom2;@Rusia_HD Yes;Calgary, Alberta, Canada;2026-07-06T23:44:20.000Z;2026-07-09T13:59:57.902383+00:00
2074278334742057328;netanyajeww;@Rusia_HD Yes me and your president are hand in hand;;2026-07-06T23:44:27.000Z;2026-07-09T13:59:57.902383+00:00
2074278474420805856;ElJuanSparrowTV;@Rusia_HD Of course I would accept it.;;2026-07-06T23:45:01.000Z;2026-07-09T13:59:57.902383+00:00
2074278566884262089;Aleksander87629;@Rusia_HD Sim;;2026-07-06T23:45:23.000Z;2026-07-09T13:59:57.902383+00:00
2074278667216461831;SeanLiu7777777;@Rusia_HD Yes;;2026-07-06T23:45:47.000Z;2026-07-09T13:59:57.902383+00:00
2074278675277598797;JuanMiguelBola4;@Rusia_HD Si;El Salvador;2026-07-06T23:45:49.000Z;2026-07-09T13:59:57.902383+00:00
2074278682974097902;josebustillos;"@Rusia_HD Yes of course,
да, конечно,
Sí por supuesto.";Perú;2026-07-06T23:45:50.000Z;2026-07-09T13:59:57.902383+00:00
2074278733586829793;Alpha_Rocking;@Rusia_HD Ja, gerne. ☺️;Deutschland;2026-07-06T23:46:02.000Z;2026-07-09T13:59:57.902383+00:00
2074278918211752174;powerplaybok;@Rusia_HD Yes;ON EARTH 🌍;2026-07-06T23:46:46.000Z;2026-07-09T13:59:57.902383+00:00
2074278930563915882;jc_correia;@Rusia_HD Claro que sim;;2026-07-06T23:46:49.000Z;2026-07-09T13:59:57.902383+00:00
2074278964517122300;Mila_zeem;@Rusia_HD Yes yes yes;Earth 🌎;2026-07-06T23:46:58.000Z;2026-07-09T13:59:57.902383+00:00
2074278977162657866;Levlop;@Rusia_HD Si;;2026-07-06T23:47:01.000Z;2026-07-09T13:59:57.902383+00:00
2074279055554441669;8KQobeXHlEZw5pA;@Rusia_HD YES;;2026-07-06T23:47:19.000Z;2026-07-09T13:59:57.902383+00:00
2074279203109757071;deghost1111;@Rusia_HD Hell yes;I am everywhere🌎;2026-07-06T23:47:54.000Z;2026-07-09T13:59:57.902383+00:00
2074279242259735001;J_a2y0;@Rusia_HD Yes 🇮🇩❤🇷🇺;;2026-07-06T23:48:04.000Z;2026-07-09T13:59:57.902383+00:00
2074279252686483685;Mohamma77653394;@Rusia_HD Yes;تهران;2026-07-06T23:48:06.000Z;2026-07-09T13:59:57.902383+00:00
2074279303794057651;stewmadness;@Rusia_HD For sure.;;2026-07-06T23:48:18.000Z;2026-07-09T13:59:57.902383+00:00
2074279340901015926;equagoo_ko43230;@Rusia_HD Yes yes yes;;2026-07-06T23:48:27.000Z;2026-07-09T13:59:57.902383+00:00
2074279349042426193;DaphneOBrirht8;@Rusia_HD YES!;;2026-07-06T23:48:29.000Z;2026-07-09T13:59:57.902383+00:00
2074279577762038124;kangas43redsox;@Rusia_HD Yes;Melbourne, Australia;2026-07-06T23:49:24.000Z;2026-07-09T13:59:57.902383+00:00
2074279615577682142;Beetle1954;@Rusia_HD Yes;El Universo;2026-07-06T23:49:33.000Z;2026-07-09T13:59:57.902383+00:00
2074279622565671152;bibtya8;@Rusia_HD Yes;;2026-07-06T23:49:34.000Z;2026-07-09T13:59:57.902383+00:00
2074279638910840923;elsonsimbine;@Rusia_HD Yes;Mars;2026-07-06T23:49:38.000Z;2026-07-09T13:59:57.902383+00:00
2074279751930290317;katarucreator;@Rusia_HD Yes;;2026-07-06T23:50:05.000Z;2026-07-09T13:59:57.902383+00:00
2074279855395688876;zaaliZeeshan;@Rusia_HD Yes;لاہور, پاکستان;2026-07-06T23:50:30.000Z;2026-07-09T13:59:57.902383+00:00
2074279907190784473;regis57864777;@Rusia_HD Yes;;2026-07-06T23:50:42.000Z;2026-07-09T13:59:57.902383+00:00
2074280011297951788;CraigG92375;@Rusia_HD Yes;;2026-07-06T23:51:07.000Z;2026-07-09T13:59:57.902383+00:00
2074280030209765833;Yuri39923210;@Rusia_HD Si;Chile;2026-07-06T23:51:12.000Z;2026-07-09T13:59:57.902383+00:00
2074280054603886623;AgustnG50589155;@Rusia_HD Claro, porque no.;Santo Domingo Este, Dominican;2026-07-06T23:51:17.000Z;2026-07-09T13:59:57.902383+00:00
2074280140352155677;archie64941;@Rusia_HD Sim;;2026-07-06T23:51:38.000Z;2026-07-09T13:59:57.902383+00:00
2074280249731457087;AbdulQayyukq;@Rusia_HD Yes;;2026-07-06T23:52:04.000Z;2026-07-09T13:59:57.902383+00:00
2074280334259098078;barade_kabiru;@Rusia_HD Yes;🌎earth;2026-07-06T23:52:24.000Z;2026-07-09T13:59:57.902383+00:00
2074280376575439191;sergiougazio;@Rusia_HD Si;;2026-07-06T23:52:34.000Z;2026-07-09T13:59:57.902383+00:00
2074280504023560337;reyeskunabyala;@Rusia_HD Yes;;2026-07-06T23:53:05.000Z;2026-07-09T13:59:57.902383+00:00
2074280523044888957;mwaringe82;@Rusia_HD Yes;;2026-07-06T23:53:09.000Z;2026-07-09T13:59:57.902383+00:00
2074280565000610095;slick1mike;@Rusia_HD Yes 👍 in a heart beat!;Canada;2026-07-06T23:53:19.000Z;2026-07-09T13:59:57.902383+00:00
2074280613100605450;rawpwr99fatboy;@Rusia_HD Yes;;2026-07-06T23:53:31.000Z;2026-07-09T13:59:57.902383+00:00
2074280668817772736;PipoTatengue;@Rusia_HD Si;San marino;2026-07-06T23:53:44.000Z;2026-07-09T13:59:57.902383+00:00
2074280682486923694;GlobalPolNews;@Rusia_HD Yes, of course;;2026-07-06T23:53:47.000Z;2026-07-09T13:59:57.902383+00:00
2074280720525037945;Cottam1122;@Rusia_HD I would love to!;;2026-07-06T23:53:56.000Z;2026-07-09T13:59:57.902383+00:00
2074280750090743844;caturrovalemana;@Rusia_HD Yes;;2026-07-06T23:54:03.000Z;2026-07-09T13:59:57.902383+00:00
2074280782185504918;Jorge_Viajante;@Rusia_HD Yes;Jacareí - SP;2026-07-06T23:54:11.000Z;2026-07-09T13:59:57.902383+00:00
2074280817048596803;samuel_gou29633;@Rusia_HD oui;Ivory Coast;2026-07-06T23:54:19.000Z;2026-07-09T13:59:57.902383+00:00
2074280858547007664;jandala85;"@Rusia_HD Who rejects such a great honor?
Big and capital YES.";;2026-07-06T23:54:29.000Z;2026-07-09T13:59:57.902383+00:00
2074280873222918331;Rodrigo69453621;@Rusia_HD Sim;RJ;2026-07-06T23:54:33.000Z;2026-07-09T13:59:57.902383+00:00
2074280982597996828;OBrinley;@Rusia_HD Yes;;2026-07-06T23:54:59.000Z;2026-07-09T13:59:57.902383+00:00
2074280996346671137;MonaUami;@Rusia_HD Yes;;2026-07-06T23:55:02.000Z;2026-07-09T13:59:57.902383+00:00
2074280996909019522;MonaUami;@Rusia_HD Yes;;2026-07-06T23:55:02.000Z;2026-07-09T13:59:57.902383+00:00
2074280999496925389;kaneda909;@Rusia_HD Yes 👍🏻;;2026-07-06T23:55:03.000Z;2026-07-09T13:59:57.902383+00:00
2074281026084319454;Dlamini149;@Rusia_HD Yes;;2026-07-06T23:55:09.000Z;2026-07-09T13:59:57.902383+00:00
2074281030132044104;mexicomemadre;@Rusia_HD For sure;California, USA;2026-07-06T23:55:10.000Z;2026-07-09T13:59:57.902383+00:00
2074281096561177009;TRiganzyana;@Rusia_HD Yes;ᴋᴀᴍᴘᴀʟᴀ, ᴜɢᴀɴᴅᴀ;2026-07-06T23:55:26.000Z;2026-07-09T13:59:57.902383+00:00
2074281096963825752;rvanrosberg;@Rusia_HD Yes, why not?;Willemstad,Curaçao;2026-07-06T23:55:26.000Z;2026-07-09T13:59:57.902383+00:00
2074281129289371820;DwaynePothier;@Rusia_HD Yes;;2026-07-06T23:55:34.000Z;2026-07-09T13:59:57.902383+00:00
2074281168988483736;Sally4644;@Rusia_HD Yes I would love to;;2026-07-06T23:55:43.000Z;2026-07-09T13:59:57.902383+00:00
2074281206359670790;V3pO7;@Rusia_HD Heck yeah. I'm always preaching that Russia and  America need to be allies not enemies. We are all Christian for the most part and need not fight amongst ourselves. There are plenty of other radical groups that want to harm Christians. We must stick together. I love you all.;;2026-07-06T23:55:52.000Z;2026-07-09T13:59:57.902383+00:00
2074281320482545722;eliasandriko;@Rusia_HD ○ Yes;USA;2026-07-06T23:56:19.000Z;2026-07-09T13:59:57.902383+00:00
2074281390342906342;Philipp32491155;@Rusia_HD Oui;Kuala Lumpur Federal Territory;2026-07-06T23:56:36.000Z;2026-07-09T13:59:57.902383+00:00
2074281423532425461;VrijeGeest;@Rusia_HD Yes, also without free invitation;Amsterdam, The Netherlands;2026-07-06T23:56:44.000Z;2026-07-09T13:59:57.902383+00:00
2074281442658439326;GilbertLyn35431;@Rusia_HD I would LOVE to visit!!! I’ve had a crush on Putin for years;;2026-07-06T23:56:48.000Z;2026-07-09T13:59:57.902383+00:00
2074281458588344567;MarioRAMiranda;@Rusia_HD Yes I would accept;;2026-07-06T23:56:52.000Z;2026-07-09T13:59:57.902383+00:00
2074281519418380385;Miganca2;@Rusia_HD obvio que si... Invitaciones así, no se rechazan nunca...;;2026-07-06T23:57:07.000Z;2026-07-09T13:59:57.902383+00:00
2074281620517917073;Patriciafe75781;@Rusia_HD Sim;;2026-07-06T23:57:31.000Z;2026-07-09T13:59:57.902383+00:00
2074281622959173639;inoueprovigor;@Rusia_HD Yes!!;;2026-07-06T23:57:31.000Z;2026-07-09T13:59:57.902383+00:00
2074281726415618086;dale_kielly;@Rusia_HD Hell yeah;;2026-07-06T23:57:56.000Z;2026-07-09T13:59:57.902383+00:00
2074281816245129617;myocarditis101;@Rusia_HD Hell yes! Then I’d apply for citizenship;North Idaho and New Orleans;2026-07-06T23:58:17.000Z;2026-07-09T13:59:57.902383+00:00
2074281850273399066;hideandgoseekx;@Rusia_HD Yes, absolutely;;2026-07-06T23:58:26.000Z;2026-07-09T13:59:57.902383+00:00
2074281944196505664;nasir483780;@Rusia_HD Yes of course. To even Russia any European countries I'll accept 💯;;2026-07-06T23:58:48.000Z;2026-07-09T13:59:57.902383+00:00
2074282040208367944;ANDRESN28514925;@Rusia_HD Si;cauca;2026-07-06T23:59:11.000Z;2026-07-09T13:59:57.902383+00:00
2074282085666132448;Adam87003260;@Rusia_HD Yes please!! 👍😍😍❤️❤️❤️;Dublin City, Ireland;2026-07-06T23:59:22.000Z;2026-07-09T13:59:57.902383+00:00
2074282143035879442;_El_Vazquez_;@Rusia_HD Si;Celaya, Guanajuato;2026-07-06T23:59:35.000Z;2026-07-09T13:59:57.902383+00:00
2074282147322475003;x_andreluiz;@Rusia_HD E eu que fiquei clicando no Sim 😂;;2026-07-06T23:59:36.000Z;2026-07-09T13:59:57.902383+00:00
